sleeper_player_id,full_name,team,status,position,depth_chart_position,depth_chart_order,delta,c0_gridline_id,c0_status,c0_method,v5_gridline_id,v5_status,v5_method,v5_ambiguity_reason,v5_unmatched_reason
12565,Will Johnson,ARI,Active,DB,LCB,1,gained_mapping,,unmatched,unmatched,00-0040751,supported_name_match,supported_name_match,,
10932,Garrett Williams,ARI,Active,DB,NB,1,gained_mapping,,unmatched,unmatched,00-0039007,supported_name_match,supported_name_match,,
11014,Kei'Trel Clark,ARI,Active,DB,LCB,2,gained_mapping,,unmatched,unmatched,00-0038984,supported_name_match,supported_name_match,,
11693,Max Melton,ARI,Active,DB,RCB,2,gained_mapping,,unmatched,unmatched,00-0039807,supported_name_match,supported_name_match,,
12585,James Pearce,ATL,Active,DL,LOLB,1,gained_mapping,,unmatched,unmatched,00-0040578,supported_name_match,supported_name_match,,
12647,Billy Bowman,ATL,Active,DB,NB,1,gained_mapping,,unmatched,unmatched,00-0040156,supported_name_match,supported_name_match,,
11740,Brandon Dorlus,ATL,Active,DE,RDE,1,gained_mapping,,unmatched,unmatched,00-0039859,normalized_name_team_position,normalized_name_team_position,,
8383,Cameron Thomas,ATL,Active,DL,ROLB,1,gained_mapping,,unmatched,unmatched,00-0037815,supported_name_match,supported_name_match,,
10919,Sydney Brown,ATL,Active,DB,FS,2,lost_mapping,00-0039002,normalized_name_team_position,normalized_name_team_position,,unmatched,unmatched,,No stable provider ID or constrained name/team/position candidate was found.
13389,Avieon Terrell,ATL,Active,DB,LCB,2,gained_mapping,,unmatched,unmatched,00-0041469,supported_name_match,supported_name_match,,
8278,Christian Harris,ATL,Active,LB,LILB,2,gained_mapping,,unmatched,unmatched,00-0037823,normalized_name_team_position,normalized_name_team_position,,
13974,Malcolm DeWalt,ATL,Active,CB,NB,2,gained_mapping,,unmatched,unmatched,00-0041188,normalized_name_team_position,normalized_name_team_position,,
11770,JD Bertrand,ATL,Inactive,LB,RILB,2,gained_mapping,,unmatched,unmatched,00-0039370,normalized_name_team_position,normalized_name_team_position,,
13048,Jared Ivey,ATL,Active,DE,LOLB,3,gained_mapping,,unmatched,unmatched,00-0040056,supported_name_match,supported_name_match,,
12889,Beaux Collins,ATL,Inactive,WR,,8,gained_mapping,,ambiguous,ambiguous,00-0040432,normalized_name_team_position,normalized_name_team_position,,
12640,Teddye Buchanan,BAL,Active,LB,LILB,1,gained_mapping,,unmatched,unmatched,00-0040069,normalized_name_team_position,normalized_name_team_position,,
10944,Tavius Robinson,BAL,Active,DE,LOLB,1,gained_mapping,,unmatched,unmatched,00-0038505,supported_name_match,supported_name_match,,
11730,T.J. Tampa,BAL,Active,DB,LCB,2,gained_mapping,,unmatched,unmatched,00-0039234,supported_name_match,supported_name_match,,
13460,Zion Young,BAL,Active,DE,LOLB,2,gained_mapping,,unmatched,unmatched,00-0041494,supported_name_match,supported_name_match,,
13514,Chandler Rivers,BAL,Active,CB,RCB,2,gained_mapping,,unmatched,unmatched,00-0040885,normalized_name_team_position,normalized_name_team_position,,
13733,Ethan Burke,BAL,Active,DE,LOLB,3,gained_mapping,,unmatched,unmatched,00-0040978,supported_name_match,supported_name_match,,
12714,Bilhal Kone,BAL,Inactive,CB,RCB,3,gained_mapping,,unmatched,unmatched,00-0040073,normalized_name_team_position,normalized_name_team_position,,
13268,Elijah Sarratt,BAL,Active,WR,LWR,6,gained_mapping,,unmatched,unmatched,00-0040876,normalized_name_team_position,normalized_name_team_position,,
8487,Christian Benford,BUF,Active,DB,LCB,1,gained_mapping,,unmatched,unmatched,00-0037288,supported_name_match,supported_name_match,,
12612,T.J. Sanders,BUF,Active,DL,LDE,1,gained_mapping,,unmatched,unmatched,00-0040724,normalized_name_team_position,normalized_name_team_position,,
7627,Greg Rousseau,BUF,Active,DE,LOLB,1,gained_mapping,,unmatched,unmatched,00-0036914,supported_name_match,supported_name_match,,
8104,Dee Alford,BUF,Active,DB,NB,1,gained_mapping,,unmatched,unmatched,00-0037034,supported_name_match,supported_name_match,,
12596,Maxwell Hairston,BUF,Active,DB,RCB,1,gained_mapping,,unmatched,unmatched,00-0040709,supported_name_match,supported_name_match,,
12580,Landon Jackson,BUF,Active,DL,LDE,2,changed_target,00-0040132,normalized_name_team_position,normalized_name_team_position,00-0040132,supported_name_match,supported_name_match,,
12661,Jordan Hancock,BUF,Active,DB,NB,2,changed_target,00-0040192,normalized_name_team_position,normalized_name_team_position,00-0040192,supported_name_match,supported_name_match,,
13506,Zane Durant,BUF,Inactive,DT,RDE,2,gained_mapping,,unmatched,unmatched,00-0041091,normalized_name_team_position,normalized_name_team_position,,
13455,TJ Parker,BUF,Active,DE,LOLB,3,gained_mapping,,unmatched,unmatched,00-0041036,supported_name_match,supported_name_match,,
8273,Phidarian Mathis,BUF,Active,DL,NT,3,gained_mapping,,unmatched,unmatched,00-0038099,normalized_name_team_position,normalized_name_team_position,,
11759,Javon Solomon,BUF,Active,DE,ROLB,3,gained_mapping,,unmatched,unmatched,00-0039879,supported_name_match,supported_name_match,,
11771,Chau Smith-Wade,CAR,Active,DB,NB,1,gained_mapping,,unmatched,unmatched,00-0039380,supported_name_match,supported_name_match,,
7674,Patrick Jones,CAR,Active,DE,ROLB,1,gained_mapping,,unmatched,unmatched,00-0037007,supported_name_match,supported_name_match,,
12956,Bam Martin-Scott,CAR,Inactive,LB,LILB,2,gained_mapping,,unmatched,unmatched,00-0040289,normalized_name_team_position,normalized_name_team_position,,
8389,Akayleb Evans,CAR,Active,DB,RCB,2,gained_mapping,,unmatched,unmatched,00-0038101,supported_name_match,supported_name_match,,
8147,John Metchie,CAR,Active,WR,LWR,4,gained_mapping,,unmatched,unmatched,00-0037614,normalized_name_team_position,normalized_name_team_position,,
8293,Coby Bryant,CHI,Inactive,DB,FS,1,gained_mapping,,unmatched,unmatched,00-0038136,supported_name_match,supported_name_match,,
10897,Tyrique Stevenson,CHI,Active,CB,LCB,1,gained_mapping,,unmatched,unmatched,00-0039071,normalized_name_team_position,normalized_name_team_position,,
8365,Kyler Gordon,CHI,Active,DB,NB,1,gained_mapping,,unmatched,unmatched,00-0038111,supported_name_match,supported_name_match,,
11760,Austin Booker,CHI,Active,DL,RDE,1,changed_target,00-0039840,normalized_name_team_position,normalized_name_team_position,00-0039840,supported_name_match,supported_name_match,,
13371,Dillon Thieneman,CHI,Active,DB,SS,1,lost_mapping,00-0041538,normalized_name_team_position,normalized_name_team_position,,unmatched,unmatched,,No stable provider ID or constrained name/team/position candidate was found.
13489,Malik Muhammad,CHI,Active,CB,LCB,2,gained_mapping,,unmatched,unmatched,00-0041060,normalized_name_team_position,normalized_name_team_position,,
8520,Daniel Hardy,CHI,Active,LB,LDE,2,gained_mapping,,unmatched,unmatched,00-0037843,supported_name_match,supported_name_match,,
8714,Josh Blackwell,CHI,Active,CB,NB,2,gained_mapping,,unmatched,unmatched,00-0037129,normalized_name_team_position,normalized_name_team_position,,
10954,Clark Phillips,CHI,Active,CB,RCB,2,gained_mapping,,unmatched,unmatched,00-0038568,normalized_name_team_position,normalized_name_team_position,,
7649,Dayo Odeyingbo,CHI,Active,DE,RDE,2,gained_mapping,,unmatched,unmatched,00-0036480,normalized_name_team_position,normalized_name_team_position,,
10984,Noah Sewell,CHI,Active,LB,ROLB,2,gained_mapping,,unmatched,unmatched,00-0038390,normalized_name_team_position,normalized_name_team_position,,
8509,Elijah Hicks,CHI,Active,DB,SS,2,lost_mapping,00-0037096,normalized_name_team_position,normalized_name_team_position,,unmatched,unmatched,,No stable provider ID or constrained name/team/position candidate was found.
12035,Jamree Kromah,CHI,Active,DL,LDE,3,gained_mapping,,unmatched,unmatched,00-0039461,supported_name_match,supported_name_match,,
13711,Jayden Loving,CHI,Active,DT,LDT,3,gained_mapping,,unmatched,unmatched,00-0041171,normalized_name_team_position,normalized_name_team_position,,
7836,Tony Fields,CHI,Inactive,LB,LOLB,3,gained_mapping,,unmatched,unmatched,00-0036634,normalized_name_team_position,normalized_name_team_position,,
12616,Shemar Turner,CHI,Active,DE,RDE,3,gained_mapping,,unmatched,unmatched,00-0040741,supported_name_match,supported_name_match,,
10875,Myles Murphy,CIN,Active,DL,LDE,1,gained_mapping,,unmatched,unmatched,00-0038546,supported_name_match,supported_name_match,,
9224,Chase Brown,CIN,Active,RB,RB,1,gained_mapping,,unmatched,unmatched,00-0038597,normalized_name_team_position,normalized_name_team_position,,
10894,DJ Turner,CIN,Active,DB,RCB,1,gained_mapping,,unmatched,unmatched,00-0038549,supported_name_match,supported_name_match,,
8343,Boye Mafe,CIN,Active,DL,RDE,1,gained_mapping,,unmatched,unmatched,00-0038133,supported_name_match,supported_name_match,,
13364,Cashius Howell,CIN,Active,DL,LDE,2,gained_mapping,,unmatched,unmatched,00-0041546,supported_name_match,supported_name_match,,
11764,Josh Newton,CIN,Active,CB,NB,2,gained_mapping,,unmatched,unmatched,00-0039375,normalized_name_team_position,normalized_name_team_position,,
12560,Shemar Stewart,CIN,Active,DL,RDE,2,gained_mapping,,unmatched,unmatched,00-0040756,supported_name_match,supported_name_match,,
8481,Ja'Sir Taylor,CIN,Inactive,DB,LCB,3,gained_mapping,,unmatched,unmatched,00-0037307,supported_name_match,supported_name_match,,
12543,Tahj Brooks,CIN,Active,RB,RB,3,gained_mapping,,unmatched,unmatched,00-0040208,normalized_name_team_position,normalized_name_team_position,,
13574,Landon Robinson,CIN,Active,NT,RDT,3,gained_mapping,,unmatched,unmatched,00-0041118,normalized_name_team_position,normalized_name_team_position,,
10943,Isaiah McGuire,CLE,Active,DL,LDE,1,gained_mapping,,unmatched,unmatched,00-0038574,supported_name_match,supported_name_match,,
11836,Myles Harden,CLE,Active,DB,NB,1,gained_mapping,,unmatched,unmatched,00-0039417,supported_name_match,supported_name_match,,
11665,Jared Verse,CLE,Active,DL,RDE,1,gained_mapping,,unmatched,unmatched,00-0039852,supported_name_match,supported_name_match,,
13524,Justin Jefferson,CLE,Active,LB,ROLB,1,gained_mapping,,unmatched,unmatched,00-0041075,normalized_name_team_position,normalized_name_team_position,,
10918,Mekhi Blackmon,CLE,Active,CB,LCB,2,changed_target,00-0038565,normalized_name_team_position,normalized_name_team_position,00-0038565,supported_name_match,supported_name_match,,
8375,Kalia Davis,CLE,Inactive,DL,LDT,2,gained_mapping,,unmatched,unmatched,00-0037832,normalized_name_team_position,normalized_name_team_position,,
13569,Toriano Pride,CLE,Active,CB,NB,2,gained_mapping,,unmatched,unmatched,00-0041115,normalized_name_team_position,normalized_name_team_position,,
8368,Sam Williams,CLE,Active,DL,RDE,2,gained_mapping,,unmatched,unmatched,00-0037665,supported_name_match,supported_name_match,,
13104,Adin Huntington,CLE,Active,DT,LDT,3,gained_mapping,,unmatched,unmatched,00-0040255,supported_name_match,supported_name_match,,
8476,DaRon Bland,DAL,Active,DB,LCB,1,gained_mapping,,unmatched,unmatched,00-0037275,supported_name_match,supported_name_match,,
13376,Caleb Downs,DAL,Active,DB,NB,1,lost_mapping,00-0040865,normalized_name_team_position,normalized_name_team_position,,unmatched,unmatched,,No stable provider ID or constrained name/team/position candidate was found.
8381,Cobie Durant,DAL,Active,DB,RCB,1,gained_mapping,,unmatched,unmatched,00-0037839,supported_name_match,supported_name_match,,
11769,Caelen Carson,DAL,Active,DB,LCB,2,gained_mapping,,unmatched,unmatched,00-0039387,normalized_name_team_position,normalized_name_team_position,,
13480,LT Overton,DAL,Active,DE,NT,2,gained_mapping,,unmatched,unmatched,00-0040880,supported_name_match,supported_name_match,,
12559,Shavon Revel,DAL,Active,DB,RCB,2,gained_mapping,,unmatched,unmatched,00-0040008,supported_name_match,supported_name_match,,
13496,Devin Moore,DAL,Inactive,CB,LCB,3,gained_mapping,,unmatched,unmatched,00-0040875,normalized_name_team_position,normalized_name_team_position,,
11720,Marist Liufau,DAL,Inactive,LB,LILB,3,gained_mapping,,unmatched,unmatched,00-0039352,normalized_name_team_position,normalized_name_team_position,,
11512,Tyrus Wheat,DAL,Active,DE,LOLB,3,gained_mapping,,unmatched,unmatched,00-0038742,supported_name_match,supported_name_match,,
12855,Alijah Clark,DAL,Active,DB,SS,3,gained_mapping,,unmatched,unmatched,00-0040045,normalized_name_team_position,normalized_name_team_position,,
8800,Malik Davis,DAL,Inactive,RB,RB,5,gained_mapping,,unmatched,unmatched,00-0037563,normalized_name_team_position,normalized_name_team_position,,
10930,Riley Moss,DEN,Active,DB,LCB,1,gained_mapping,,unmatched,unmatched,00-0038552,supported_name_match,supported_name_match,,
8004,Devon Key,DEN,Active,DB,FS,2,lost_mapping,00-0036683,normalized_name_team_position,normalized_name_team_position,,unmatched,unmatched,,No stable provider ID or constrained name/team/position candidate was found.
12557,Jahdae Barron,DEN,Active,DB,LCB,2,gained_mapping,,unmatched,unmatched,00-0040720,supported_name_match,supported_name_match,,
13472,Tyler Onyedim,DEN,Active,DT,LDE,2,gained_mapping,,unmatched,unmatched,00-0041552,normalized_name_team_position,normalized_name_team_position,,
11714,Jonah Elliss,DEN,Active,DE,LOLB,2,gained_mapping,,unmatched,unmatched,00-0039809,supported_name_match,supported_name_match,,
11765,Kris Abrams-Draine,DEN,Active,DB,RCB,2,gained_mapping,,unmatched,unmatched,00-0039371,supported_name_match,supported_name_match,,
8370,Jordan Jackson,DEN,Active,DL,LDE,3,gained_mapping,,unmatched,unmatched,00-0037294,normalized_name_team_position,normalized_name_team_position,,
8208,Tyler Badie,DEN,Active,RB,RB,4,gained_mapping,,unmatched,unmatched,00-0037085,normalized_name_team_position,normalized_name_team_position,,
13397,Keith Abney,DET,Active,DB,LCB,1,gained_mapping,,unmatched,unmatched,00-0041445,supported_name_match,supported_name_match,,
8289,Aidan Hutchinson,DET,Active,DL,LDE,1,gained_mapping,,unmatched,unmatched,00-0037236,supported_name_match,supported_name_match,,
8303,Roger McCreary,DET,Active,DB,NB,1,gained_mapping,,unmatched,unmatched,00-0038125,supported_name_match,supported_name_match,,
10905,Brian Branch,DET,Active,DB,SS,1,gained_mapping,,unmatched,unmatched,00-0039141,supported_name_match,supported_name_match,,
12706,Ahmed Hassanein,DET,Active,DE,LDE,2,gained_mapping,,unmatched,unmatched,00-0040761,normalized_name_team_position,normalized_name_team_position,,
11804,Mekhi Wingo,DET,Active,DT,LDT,2,gained_mapping,,unmatched,unmatched,00-0039396,normalized_name_team_position,normalized_name_team_position,,
13494,Jimmy Rolder,DET,Active,LB,LOLB,2,gained_mapping,,unmatched,unmatched,00-0041442,normalized_name_team_position,normalized_name_team_position,,
11689,Ennis Rakestraw,DET,Active,DB,NB,2,gained_mapping,,unmatched,unmatched,00-0039862,supported_name_match,supported_name_match,,
10941,Tyler Lacy,DET,Active,DE,RDE,3,gained_mapping,,unmatched,unmatched,00-0038940,normalized_name_team_position,normalized_name_team_position,,
5133,Tyler Conklin,DET,Active,TE,TE,3,lost_mapping,00-0034439,exact_provider_id,exact_provider_id,,ambiguous,ambiguous,Exact provider ID evidence conflicts with the player name.,
12938,Jackson Meeks,DET,Active,TE,TE,4,lost_mapping,00-0040390,normalized_name_team_position,normalized_name_team_position,,unmatched,unmatched,,No stable provider ID or constrained name/team/position candidate was found.
13369,Brandon Cisse,GB,Active,DB,RCB,1,gained_mapping,,unmatched,unmatched,00-0041470,supported_name_match,supported_name_match,,
7640,Micah Parsons,GB,Active,LB,ROLB,1,gained_mapping,,unmatched,unmatched,00-0036932,normalized_name_team_position,normalized_name_team_position,,
11042,Carrington Valentine,GB,Active,DB,LCB,2,gained_mapping,,unmatched,unmatched,00-0038408,normalized_name_team_position,normalized_name_team_position,,
12704,Warren Brinson,GB,Active,DL,LDE,2,gained_mapping,,unmatched,unmatched,00-0040016,normalized_name_team_position,normalized_name_team_position,,
11712,Ty'Ron Hopper,GB,Active,LB,LILB,2,gained_mapping,,unmatched,unmatched,00-0039812,normalized_name_team_position,normalized_name_team_position,,
11193,Brenton Cox,GB,Active,LB,LOLB,2,gained_mapping,,unmatched,unmatched,00-0038463,supported_name_match,supported_name_match,,
11787,Kamal Hadden,GB,Active,DB,NB,2,gained_mapping,,unmatched,unmatched,00-0039831,supported_name_match,supported_name_match,,
7671,Benjamin St-Juste,GB,Active,DB,RCB,2,gained_mapping,,unmatched,unmatched,00-0036625,supported_name_match,supported_name_match,,
13492,Dani Dennis-Sutton,GB,Active,DE,LOLB,3,gained_mapping,,ambiguous,ambiguous,4685315,normalized_name_team_position,normalized_name_team_position,,
13224,Anthony Campbell,GB,Active,DT,RDE,3,gained_mapping,,unmatched,unmatched,00-0040689,normalized_name_team_position,normalized_name_team_position,,
12669,Collin Oliver,GB,Inactive,DE,ROLB,3,gained_mapping,,unmatched,unmatched,00-0040012,supported_name_match,supported_name_match,,
8308,Derek Stingley,HOU,Active,DB,LCB,1,gained_mapping,,unmatched,unmatched,00-0037237,supported_name_match,supported_name_match,,
10892,Will Anderson,HOU,Active,DL,LDE,1,gained_mapping,,unmatched,unmatched,00-0039108,supported_name_match,supported_name_match,,
11685,Kamari Lassiter,HOU,Active,DB,RCB,1,gained_mapping,,unmatched,unmatched,00-0039343,supported_name_match,supported_name_match,,
13374,Kayden McDonald,HOU,Inactive,DL,LDT,2,gained_mapping,,unmatched,unmatched,00-0041440,normalized_name_team_position,normalized_name_team_position,,
8391,Dominique Robinson,HOU,Active,DL,RDE,2,gained_mapping,,unmatched,unmatched,00-0037082,supported_name_match,supported_name_match,,
8360,Logan Hall,HOU,Active,DL,RDT,2,gained_mapping,,unmatched,unmatched,00-0038127,supported_name_match,supported_name_match,,
8901,Ja'Marcus Ingram,HOU,Inactive,CB,LCB,3,gained_mapping,,unmatched,unmatched,00-0037661,normalized_name_team_position,normalized_name_team_position,,
11805,Jamal Hill,HOU,Active,LB,LOLB,3,gained_mapping,,unmatched,unmatched,00-0039395,normalized_name_team_position,normalized_name_team_position,,
13572,Aiden Fisher,HOU,Active,LB,MLB,3,gained_mapping,,unmatched,unmatched,00-0041449,normalized_name_team_position,normalized_name_team_position,,
13769,Collin Wright,HOU,Active,CB,RCB,3,gained_mapping,,unmatched,unmatched,00-0041313,normalized_name_team_position,normalized_name_team_position,,
11795,Jaden Crumedy,HOU,Active,DT,RDT,3,gained_mapping,,unmatched,unmatched,00-0039402,normalized_name_team_position,normalized_name_team_position,,
8290,Sauce Gardner,IND,Active,DB,RCB,1,gained_mapping,,unmatched,unmatched,00-0037190,supported_name_match,supported_name_match,,
11669,Laiatu Latu,IND,Active,DL,RDE,1,gained_mapping,,unmatched,unmatched,00-0039340,supported_name_match,supported_name_match,,
11066,Austin Ajiake,IND,Active,LB,ROLB,1,gained_mapping,,unmatched,unmatched,00-0039178,normalized_name_team_position,normalized_name_team_position,,
13823,Kapena Gushiken,IND,Active,DB,LCB,2,gained_mapping,,unmatched,unmatched,00-0040928,supported_name_match,supported_name_match,,
12594,Jaylahn Tuimoloau,IND,Active,DL,LDE,2,gained_mapping,,unmatched,unmatched,00-0040744,supported_name_match,supported_name_match,,
13388,CJ Allen,IND,Active,LB,MLB,2,gained_mapping,,unmatched,unmatched,00-0041039,normalized_name_team_position,normalized_name_team_position,,
8341,Cam Taylor-Britt,IND,Active,DB,RCB,2,gained_mapping,,unmatched,unmatched,00-0037753,supported_name_match,supported_name_match,,
8316,Micheal Clemons,IND,Active,DL,RDE,2,gained_mapping,,unmatched,unmatched,00-0038107,supported_name_match,supported_name_match,,
13373,Caden Curry,IND,Active,DL,LDE,3,gained_mapping,,unmatched,unmatched,00-0041111,supported_name_match,supported_name_match,,
12471,DJ Giddens,IND,Active,RB,RB,3,gained_mapping,,unmatched,unmatched,00-0040179,normalized_name_team_position,normalized_name_team_position,,
13518,George Gumbs,IND,Active,DE,RDE,3,gained_mapping,,unmatched,unmatched,00-0041080,normalized_name_team_position,normalized_name_team_position,,
8305,Montaric Brown,JAX,Active,DB,LCB,1,gained_mapping,,unmatched,unmatched,00-0037313,supported_name_match,supported_name_match,,
8265,Travon Walker,JAX,Active,DL,LDE,1,gained_mapping,,unmatched,unmatched,00-0037235,supported_name_match,supported_name_match,,
11018,Christian Braswell,JAX,Active,DB,LCB,2,gained_mapping,,unmatched,unmatched,00-0038616,supported_name_match,supported_name_match,,
12653,Jack Kiser,JAX,Active,LB,LOLB,2,gained_mapping,,unmatched,unmatched,00-0040723,normalized_name_team_position,normalized_name_team_position,,
11725,Jarrian Jones,JAX,Active,DB,NB,2,gained_mapping,,unmatched,unmatched,00-0039353,supported_name_match,supported_name_match,,
13493,Wesley Williams,JAX,Active,DE,RDE,2,gained_mapping,,unmatched,unmatched,00-0041059,normalized_name_team_position,normalized_name_team_position,,
13588,Zach Durfee,JAX,Inactive,DE,LDE,3,gained_mapping,,unmatched,unmatched,00-0041122,normalized_name_team_position,normalized_name_team_position,,
12500,Quinn Ewers,JAX,Active,QB,QB,3,gained_mapping,,ambiguous,ambiguous,00-0040234,normalized_name_team_position,normalized_name_team_position,,
12900,Danny Striggow,JAX,Active,DL,RDE,3,gained_mapping,,unmatched,unmatched,00-0040342,supported_name_match,supported_name_match,,
12530,Travis Hunter,JAX,Active,DB,SWR,4,gained_mapping,,unmatched,unmatched,00-0040718,supported_name_match,supported_name_match,,
8385,George Karlaftis,KC,Active,DL,LDE,1,gained_mapping,,unmatched,unmatched,00-0037192,supported_name_match,supported_name_match,,
13385,Mansoor Delane,KC,Active,DB,RCB,1,gained_mapping,,unmatched,unmatched,00-0041543,supported_name_match,supported_name_match,,
10949,Chamarri Conner,KC,Active,DB,SS,1,gained_mapping,,unmatched,unmatched,00-0038982,normalized_name_team_position,normalized_name_team_position,,
12622,Nohl Williams,KC,Active,CB,FS,2,gained_mapping,,unmatched,unmatched,00-0040670,normalized_name_team_position,normalized_name_team_position,,
13372,R Mason Thomas,KC,Active,DL,LDE,2,gained_mapping,,unmatched,unmatched,00-0041501,supported_name_match,supported_name_match,,
13390,Peter Woods,KC,Active,DL,LDT,2,gained_mapping,,unmatched,unmatched,00-0041545,normalized_name_team_position,normalized_name_team_position,,
13500,Jadon Canady,KC,Active,CB,NB,2,gained_mapping,,unmatched,unmatched,00-0041497,normalized_name_team_position,normalized_name_team_position,,
12615,Omarr Norman-Lott,KC,Active,DT,RDT,2,gained_mapping,,unmatched,unmatched,00-0040748,normalized_name_team_position,normalized_name_team_position,,
11728,Jaden Hicks,KC,Active,DB,SS,2,lost_mapping,00-0039825,normalized_name_team_position,normalized_name_team_position,,unmatched,unmatched,,No stable provider ID or constrained name/team/position candidate was found.
13678,Jack Pyburn,KC,Active,DE,LDE,3,gained_mapping,,unmatched,unmatched,00-0041256,normalized_name_team_position,normalized_name_team_position,,
13664,Bryson Eason,KC,Active,DL,RDT,3,gained_mapping,,ambiguous,ambiguous,00-0041358,normalized_name_team_position,normalized_name_team_position,,
7682,Elijah Molden,LAC,Active,CB,FS,1,gained_mapping,,unmatched,unmatched,00-0036992,normalized_name_team_position,normalized_name_team_position,,
11779,Tarheeb Still,LAC,Active,DB,LCB,1,gained_mapping,,unmatched,unmatched,00-0039366,supported_name_match,supported_name_match,,
13633,Rodney Shelley,LAC,Active,CB,NB,2,changed_target,00-0041381,normalized_name_team_position,normalized_name_team_position,00-0041381,supported_name_match,supported_name_match,,
8519,Deane Leonard,LAC,Active,DB,RCB,2,gained_mapping,,unmatched,unmatched,00-0037320,supported_name_match,supported_name_match,,
10994,Scott Matlock,LAC,Inactive,DT,RB,5,gained_mapping,,unmatched,unmatched,00-0038614,normalized_name_team_position,normalized_name_team_position,,
12584,Darien Porter,LV,Active,DB,RCB,1,gained_mapping,,unmatched,unmatched,00-0040641,supported_name_match,supported_name_match,,
8542,Tristin McCollum,LV,Active,DB,FS,2,gained_mapping,,unmatched,unmatched,00-0037461,normalized_name_team_position,normalized_name_team_position,,
13368,Jermod McCoy,LV,Active,DB,LCB,2,gained_mapping,,unmatched,unmatched,00-0041563,supported_name_match,supported_name_match,,
7770,Patrick Johnson,LV,Active,LB,LOLB,2,gained_mapping,,unmatched,unmatched,00-0036922,supported_name_match,supported_name_match,,
10978,Darrell Luter,LV,Active,CB,NB,2,gained_mapping,,unmatched,unmatched,00-0038594,normalized_name_team_position,normalized_name_team_position,,
13305,Mike Washington,LV,Active,RB,RB,2,gained_mapping,,ambiguous,ambiguous,00-0040878,normalized_name_team_position,normalized_name_team_position,,
12722,Cody Lindenberg,LV,Active,LB,RILB,2,gained_mapping,,unmatched,unmatched,00-0040228,normalized_name_team_position,normalized_name_team_position,,
9489,Justin Shorter,LV,Inactive,WR,,9,lost_mapping,00-0038590,normalized_name_team_position,normalized_name_team_position,,unmatched,unmatched,,No stable provider ID or constrained name/team/position candidate was found.
11663,Chop Robinson,MIA,Active,DE,LDE,1,changed_target,00-0039911,normalized_name_team_position,normalized_name_team_position,00-0039911,supported_name_match,supported_name_match,,
12564,Kenneth Grant,MIA,Inactive,DL,LDT,1,gained_mapping,,unmatched,unmatched,00-0040127,normalized_name_team_position,normalized_name_team_position,,
13370,Chris Johnson,MIA,Active,DB,NB,1,gained_mapping,,ambiguous,ambiguous,00-0041533,supported_name_match,supported_name_match,,
13484,Trey Moore,MIA,Inactive,LB,ROLB,1,gained_mapping,,unmatched,unmatched,00-0041526,normalized_name_team_position,normalized_name_team_position,,
11809,Marcellas Dial,MIA,Active,DB,LCB,2,gained_mapping,,unmatched,unmatched,00-0039390,normalized_name_team_position,normalized_name_team_position,,
12147,Storm Duck,MIA,Active,CB,RCB,2,gained_mapping,,unmatched,unmatched,00-0039481,normalized_name_team_position,normalized_name_team_position,,
10966,Rob Beal,MIA,Active,LB,RDE,2,gained_mapping,,unmatched,unmatched,00-0038603,supported_name_match,supported_name_match,,
12937,Keith Cooper,MIA,Active,DL,RDT,2,changed_target,00-0040655,normalized_name_team_position,normalized_name_team_position,00-0040655,supported_name_match,supported_name_match,,
13479,Kyle Louis,MIA,Inactive,LB,SS,2,gained_mapping,,unmatched,unmatched,00-0041527,normalized_name_team_position,normalized_name_team_position,,
11775,Jaylin Simpson,MIA,Active,DB,RCB,3,gained_mapping,,unmatched,unmatched,00-0039383,supported_name_match,supported_name_match,,
12089,Julius Wood,MIA,Active,DB,SS,3,gained_mapping,,unmatched,unmatched,00-0039532,normalized_name_team_position,normalized_name_team_position,,
13400,Justin Joly,MIA,Active,TE,TE,4,gained_mapping,,ambiguous,ambiguous,00-0041077,normalized_name_team_position,normalized_name_team_position,,
12683,Tyrion Ingram-Dawkins,MIN,Active,DE,LDE,1,gained_mapping,,unmatched,unmatched,00-0040173,supported_name_match,supported_name_match,,
11328,Jalen Redmond,MIN,Active,DE,RDE,1,gained_mapping,,unmatched,unmatched,00-0038778,supported_name_match,supported_name_match,,
8496,Theo Jackson,MIN,Active,DB,FS,2,gained_mapping,,unmatched,unmatched,00-0037301,normalized_name_team_position,normalized_name_team_position,,
12879,Chaz Chambliss,MIN,Active,DE,LOLB,2,gained_mapping,,unmatched,unmatched,00-0040496,supported_name_match,supported_name_match,,
13196,Elijah Williams,MIN,Active,DL,RDE,2,gained_mapping,,unmatched,unmatched,00-0040624,supported_name_match,supported_name_match,,
11929,Bo Richter,MIN,Active,DE,ROLB,2,gained_mapping,,unmatched,unmatched,00-0039718,supported_name_match,supported_name_match,,
12942,Zemaiah Vaughn,MIN,Active,CB,LCB,3,gained_mapping,,unmatched,unmatched,00-0040507,normalized_name_team_position,normalized_name_team_position,,
8359,Marcus Jones,NE,Active,DB,NB,1,gained_mapping,,unmatched,unmatched,00-0037253,supported_name_match,supported_name_match,,
10881,Christian Gonzalez,NE,Active,DB,RCB,1,gained_mapping,,unmatched,unmatched,00-0039147,supported_name_match,supported_name_match,,
13510,Karon Prunty,NE,Active,DB,LCB,2,gained_mapping,,unmatched,unmatched,00-0041088,supported_name_match,supported_name_match,,
13457,Gabe Jacas,NE,Active,DE,LOLB,2,gained_mapping,,unmatched,unmatched,00-0041569,supported_name_match,supported_name_match,,
12978,Elijah Ponder,NE,Active,DE,ROLB,2,gained_mapping,,unmatched,unmatched,00-0040574,supported_name_match,supported_name_match,,
13739,Erick Hunter,NE,Active,LB,LILB,3,gained_mapping,,unmatched,unmatched,00-0041455,normalized_name_team_position,normalized_name_team_position,,
13915,Khalil Jacobs,NE,Inactive,LB,RILB,3,gained_mapping,,unmatched,unmatched,00-0041321,normalized_name_team_position,normalized_name_team_position,,
13573,Quintayvious Hutchins,NE,Active,DE,ROLB,3,gained_mapping,,unmatched,unmatched,00-0041402,supported_name_match,supported_name_match,,
12542,Efton Chism,NE,Active,WR,SWR,5,gained_mapping,,unmatched,unmatched,00-0040563,normalized_name_team_position,normalized_name_team_position,,
11675,Kool-Aid McKinstry,NO,Active,DB,LCB,1,gained_mapping,,unmatched,unmatched,00-0039860,supported_name_match,supported_name_match,,
10952,Colby Wooden,NO,Active,DE,LDE,2,gained_mapping,,unmatched,unmatched,00-0038387,normalized_name_team_position,normalized_name_team_position,,
8390,Martin Emerson,NO,Active,DB,RCB,2,gained_mapping,,unmatched,unmatched,00-0037250,supported_name_match,supported_name_match,,
8306,John Ridgeway,NO,Active,DL,RDE,2,gained_mapping,,unmatched,unmatched,00-0037283,normalized_name_team_position,normalized_name_team_position,,
10985,Jordan Howden,NO,Active,DB,SS,2,lost_mapping,00-0038588,normalized_name_team_position,normalized_name_team_position,,unmatched,unmatched,,No stable provider ID or constrained name/team/position candidate was found.
11747,Jaylan Ford,NO,Inactive,LB,RILB,3,gained_mapping,,unmatched,unmatched,00-0039388,normalized_name_team_position,normalized_name_team_position,,
10889,Tyree Wilson,NO,Active,LB,ROLB,3,gained_mapping,,unmatched,unmatched,00-0038541,supported_name_match,supported_name_match,,
8230,Ty Chandler,NO,Inactive,RB,RB,4,gained_mapping,,unmatched,unmatched,00-0037276,normalized_name_team_position,normalized_name_team_position,,
11895,Mason Tipton,NO,Active,WR,RWR,9,gained_mapping,,unmatched,unmatched,00-0039623,normalized_name_team_position,normalized_name_team_position,,
10878,Deonte Banks,NYG,Active,DB,LCB,1,gained_mapping,,unmatched,unmatched,00-0039000,supported_name_match,supported_name_match,,
7693,Chauncey Golston,NYG,Active,DE,LDE,1,gained_mapping,,unmatched,unmatched,00-0036982,normalized_name_team_position,normalized_name_team_position,,
11029,Nic Jones,NYG,Active,CB,NB,2,gained_mapping,,unmatched,unmatched,00-0038986,normalized_name_team_position,normalized_name_team_position,,
13367,Colton Hood,NYG,Active,DB,RCB,2,gained_mapping,,unmatched,unmatched,00-0041462,supported_name_match,supported_name_match,,
12716,Korie Black,NYG,Inactive,CB,LCB,3,gained_mapping,,unmatched,unmatched,00-0040243,normalized_name_team_position,normalized_name_team_position,,
12601,Azareye'h Thomas,NYJ,Active,DB,LCB,1,gained_mapping,,unmatched,unmatched,00-0040133,supported_name_match,supported_name_match,,
13363,David Bailey,NYJ,Active,LB,LOLB,1,gained_mapping,,unmatched,unmatched,00-0041026,normalized_name_team_position,normalized_name_team_position,,
7685,Brandon Stephens,NYJ,Active,DB,RCB,1,gained_mapping,,ambiguous,ambiguous,00-0036987,supported_name_match,supported_name_match,,
7678,Joseph Ossai,NYJ,Active,DE,ROLB,1,gained_mapping,,unmatched,unmatched,00-0036902,normalized_name_team_position,normalized_name_team_position,,
7687,Nahshon Wright,NYJ,Active,CB,LCB,2,gained_mapping,,unmatched,unmatched,00-0036986,normalized_name_team_position,normalized_name_team_position,,
11846,Jowon Briggs,NYJ,Active,DE,LDE,2,gained_mapping,,unmatched,unmatched,00-0039431,normalized_name_team_position,normalized_name_team_position,,
13386,D'Angelo Ponds,NYJ,Active,DB,NB,2,gained_mapping,,unmatched,unmatched,00-0041038,supported_name_match,supported_name_match,,
11755,Qwan'tez Stiggers,NYJ,Active,CB,RCB,2,gained_mapping,,ambiguous,ambiguous,5208977,normalized_name_team_position,normalized_name_team_position,,
12639,Malachi Moore,NYJ,Active,DB,SS,2,lost_mapping,00-0040165,normalized_name_team_position,normalized_name_team_position,,unmatched,unmatched,,No stable provider ID or constrained name/team/position candidate was found.
12923,Jordan Clark,NYJ,Active,DB,LCB,3,gained_mapping,,unmatched,unmatched,00-0040397,supported_name_match,supported_name_match,,
12655,Tyler Baron,NYJ,Active,DE,LOLB,3,gained_mapping,,unmatched,unmatched,00-0040196,normalized_name_team_position,normalized_name_team_position,,
7707,Tre Brown,NYJ,Inactive,CB,RCB,3,gained_mapping,,unmatched,unmatched,00-0036885,normalized_name_team_position,normalized_name_team_position,,
11724,Trevin Wallace,NYJ,Active,LB,RILB,3,gained_mapping,,unmatched,unmatched,00-0039347,normalized_name_team_position,normalized_name_team_position,,
11030,Moro Ojomo,PHI,Active,DE,LDE,1,gained_mapping,,unmatched,unmatched,00-0038412,supported_name_match,supported_name_match,,
11678,Cooper DeJean,PHI,Active,DB,NB,1,changed_target,00-0039841,normalized_name_team_position,normalized_name_team_position,00-0039841,supported_name_match,supported_name_match,,
8374,Riq Woolen,PHI,Active,DB,RCB,1,gained_mapping,,unmatched,unmatched,00-0037079,supported_name_match,supported_name_match,,
10963,Jakorian Bennett,PHI,Inactive,DB,LCB,2,gained_mapping,,unmatched,unmatched,00-0039072,normalized_name_team_position,normalized_name_team_position,,
10962,Kelee Ringo,PHI,Active,DB,RCB,2,gained_mapping,,unmatched,unmatched,00-0039140,supported_name_match,supported_name_match,,
7835,Michael Carter,PHI,Active,CB,SS,2,gained_mapping,,unmatched,unmatched,00-0036501,normalized_name_team_position,normalized_name_team_position,,
10913,Joey Porter,PIT,Active,DB,LCB,1,gained_mapping,,unmatched,unmatched,00-0039167,supported_name_match,supported_name_match,,
12665,Yahya Black,PIT,Active,DT,RDE,2,changed_target,00-0040188,normalized_name_team_position,normalized_name_team_position,00-0040188,supported_name_match,supported_name_match,,
10891,Devon Witherspoon,SEA,Active,DB,LCB,1,gained_mapping,,unmatched,unmatched,00-0039169,supported_name_match,supported_name_match,,
11668,Byron Murphy,SEA,Active,DL,NT,1,gained_mapping,,unmatched,unmatched,00-0039309,normalized_name_team_position,normalized_name_team_position,,
8275,Josh Jobe,SEA,Active,DB,RCB,1,gained_mapping,,unmatched,unmatched,00-0037137,supported_name_match,supported_name_match,,
10982,Mike Morris,SEA,Active,DE,LDE,2,gained_mapping,,unmatched,unmatched,00-0038591,normalized_name_team_position,normalized_name_team_position,,
13396,Julian Neal,SEA,Active,DB,RCB,2,gained_mapping,,unmatched,unmatched,00-0040873,supported_name_match,supported_name_match,,
10911,Derick Hall,SEA,Active,DE,ROLB,2,gained_mapping,,unmatched,unmatched,00-0039047,supported_name_match,supported_name_match,,
11661,Terrion Arnold,SEA,Active,DB,LCB,3,gained_mapping,,unmatched,unmatched,00-0039903,supported_name_match,supported_name_match,,
13037,Connor O'Toole,SEA,Active,DE,ROLB,3,gained_mapping,,unmatched,unmatched,00-0040061,supported_name_match,supported_name_match,,
11697,Renardo Green,SF,Active,DB,LCB,1,gained_mapping,,unmatched,unmatched,00-0039345,supported_name_match,supported_name_match,,
11842,Tatum Bethune,SF,Active,LB,LOLB,1,gained_mapping,,unmatched,unmatched,00-0039435,normalized_name_team_position,normalized_name_team_position,,
7819,Deommodore Lenoir,SF,Active,DB,RCB,1,changed_target,00-0036563,normalized_name_team_position,normalized_name_team_position,00-0036563,supported_name_match,supported_name_match,,
12602,Mykel Williams,SF,Active,DL,RDE,1,gained_mapping,,unmatched,unmatched,00-0040660,supported_name_match,supported_name_match,,
8261,Jack Jones,SF,Active,DB,LCB,2,gained_mapping,,unmatched,unmatched,00-0038039,supported_name_match,supported_name_match,,
10904,Keion White,SF,Active,DL,LDE,2,changed_target,00-0039148,normalized_name_team_position,normalized_name_team_position,00-0039148,supported_name_match,supported_name_match,,
7823,Nate Hobbs,SF,Inactive,CB,NB,2,gained_mapping,,unmatched,unmatched,00-0036871,normalized_name_team_position,normalized_name_team_position,,
13478,Ephesians Prysock,SF,Active,CB,RCB,2,gained_mapping,,unmatched,unmatched,00-0041068,normalized_name_team_position,normalized_name_team_position,,
12630,Nick Martin,SF,Inactive,LB,ROLB,2,gained_mapping,,unmatched,unmatched,00-0040135,normalized_name_team_position,normalized_name_team_position,,
13361,Romello Height,SF,Active,LB,LDE,3,gained_mapping,,unmatched,unmatched,00-0041556,supported_name_match,supported_name_match,,
8540,Sam Okuayinonu,SF,Inactive,DE,LDE,4,gained_mapping,,unmatched,unmatched,00-0037602,supported_name_match,supported_name_match,,
12634,Jordan Watkins,SF,Active,WR,RWR,4,gained_mapping,,unmatched,unmatched,00-0040172,normalized_name_team_position,normalized_name_team_position,,
8384,Zyon McCollum,TB,Active,DB,LCB,1,gained_mapping,,unmatched,unmatched,00-0037268,supported_name_match,supported_name_match,,
13382,Keionte Scott,TB,Active,DB,NB,1,changed_target,00-0041057,normalized_name_team_position,normalized_name_team_position,00-0041057,supported_name_match,supported_name_match,,
12605,Jacob Parrish,TB,Active,DB,RCB,1,gained_mapping,,unmatched,unmatched,00-0040143,supported_name_match,supported_name_match,,
13959,Ayden Garnes,TB,Active,DB,LCB,2,gained_mapping,,unmatched,unmatched,00-0041253,supported_name_match,supported_name_match,,
12819,Kevin Knowles,TB,Active,DB,NB,2,gained_mapping,,unmatched,unmatched,00-0040089,normalized_name_team_position,normalized_name_team_position,,
12576,Benjamin Morrison,TB,Active,DB,RCB,2,gained_mapping,,unmatched,unmatched,00-0040747,supported_name_match,supported_name_match,,
12671,Elijah Roberts,TB,Active,DT,RDE,2,changed_target,00-0040183,normalized_name_team_position,normalized_name_team_position,00-0040183,supported_name_match,supported_name_match,,
9506,Sean Tucker,TB,Active,RB,RB,3,gained_mapping,,unmatched,unmatched,00-0038951,normalized_name_team_position,normalized_name_team_position,,
8333,Alontae Taylor,TEN,Active,DB,LCB,1,gained_mapping,,unmatched,unmatched,00-0038121,supported_name_match,supported_name_match,,
11742,Cedric Gray,TEN,Active,LB,LOLB,1,gained_mapping,,unmatched,unmatched,00-0039858,normalized_name_team_position,normalized_name_team_position,,
12712,Marcus Harris,TEN,Active,DB,NB,1,gained_mapping,,unmatched,unmatched,00-0040201,supported_name_match,supported_name_match,,
8310,Cor'Dale Flott,TEN,Active,DB,RCB,1,gained_mapping,,unmatched,unmatched,00-0037758,supported_name_match,supported_name_match,,
8398,Jermaine Johnson,TEN,Active,LB,RDE,1,gained_mapping,,unmatched,unmatched,00-0037663,supported_name_match,supported_name_match,,
5466,John Franklin-Myers,TEN,Active,DT,RDT,1,gained_mapping,,ambiguous,ambiguous,00-0034805,exact_provider_id,exact_provider_id,,
8470,Joshua Williams,TEN,Inactive,CB,LCB,2,gained_mapping,,unmatched,unmatched,00-0038043,normalized_name_team_position,normalized_name_team_position,,
13395,Keldric Faulk,TEN,Active,DL,LDE,2,gained_mapping,,unmatched,unmatched,00-0041508,supported_name_match,supported_name_match,,
10969,Owen Pappoe,TEN,Active,LB,MLB,2,gained_mapping,,unmatched,unmatched,00-0038600,normalized_name_team_position,normalized_name_team_position,,
12583,Oluwafemi Oladejo,TEN,Active,DL,RDE,2,gained_mapping,,unmatched,unmatched,00-0040752,supported_name_match,supported_name_match,,
12944,Dorian Mausi,TEN,Inactive,LB,ROLB,2,gained_mapping,,unmatched,unmatched,00-0040503,normalized_name_team_position,normalized_name_team_position,,
11052,Jaylon Jones,TEN,Active,DB,LCB,3,gained_mapping,,ambiguous,ambiguous,00-0038407,normalized_name_team_position,normalized_name_team_position,,
13549,Jackie Marshall,TEN,Active,DE,LDT,3,gained_mapping,,unmatched,unmatched,00-0040892,supported_name_match,supported_name_match,,
12595,Trey Amos,WAS,Inactive,DB,LCB,1,gained_mapping,,unmatched,unmatched,00-0040731,supported_name_match,supported_name_match,,
11676,Mike Sainristil,WAS,Active,DB,RCB,1,gained_mapping,,unmatched,unmatched,00-0039898,supported_name_match,supported_name_match,,
11934,Tyler Owens,WAS,Active,DB,NB,2,gained_mapping,,unmatched,unmatched,00-0039681,normalized_name_team_position,normalized_name_team_position,,
11699,Jer'Zhan Newton,WAS,Inactive,DL,RDE,2,gained_mapping,,unmatched,unmatched,00-0039906,normalized_name_team_position,normalized_name_team_position,,
1652,Terrell Sinkfield,,Active,WR,SWR,3,gained_mapping,,ambiguous,ambiguous,00-0029981,exact_provider_id,exact_provider_id,,
